{
  "properties": {
    "connectionReferences": {
      "shared_webcontents": {
        "runtimeSource": "invoker",
        "connection": {
          "connectionReferenceLogicalName": "sa_sharedwebcontents_5e6e8"
        },
        "api": {
          "name": "shared_webcontents"
        }
      }
    },
    "definition": {
      "$schema": "https://schema.management.azure.com/providers/Microsoft.Logic/schemas/2016-06-01/workflowdefinition.json#",
      "contentVersion": "1.0.0.0",
      "parameters": {
        "$connections": {
          "defaultValue": {},
          "type": "Object"
        },
        "$authentication": {
          "defaultValue": {},
          "type": "SecureObject"
        }
      },
      "triggers": {
        "manual": {
          "metadata": {
            "operationMetadataId": "e5ae772a-9ea9-4a03-b176-6d70a005b1f8"
          },
          "type": "Request",
          "kind": "Button",
          "inputs": {
            "schema": {
              "type": "object",
              "properties": {
                "text": {
                  "title": "EnvironmentID",
                  "type": "string",
                  "x-ms-dynamically-added": true,
                  "description": "Please enter your input",
                  "x-ms-content-hint": "TEXT"
                },
                "text_1": {
                  "title": "FlowID",
                  "type": "string",
                  "x-ms-dynamically-added": true,
                  "description": "Please enter your input",
                  "x-ms-content-hint": "TEXT"
                }
              },
              "required": [
                "text",
                "text_1"
              ]
            }
          }
        }
      },
      "actions": {
        "Invoke_an_HTTP_request": {
          "runAfter": {},
          "metadata": {
            "operationMetadataId": "8f1e9d29-9894-4651-a59b-ba103c426ffe"
          },
          "type": "OpenApiConnection",
          "inputs": {
            "host": {
              "connectionName": "shared_webcontents",
              "operationId": "InvokeHttp",
              "apiId": "/providers/Microsoft.PowerApps/apis/shared_webcontents"
            },
            "parameters": {
              "request/method": "POST",
              "request/url": "https://asia.api.flow.microsoft.com/providers/Microsoft.ProcessSimple/environments/@{triggerBody()['text']}/flows/@{triggerBody()['text_1']}/triggers/manual/listCallbackUrl?api-version=2016-11-01",
              "request/headers": {
                "Accept": "application/json"
              }
            },
            "authentication": {
              "type": "Raw",
              "value": "@json(decodeBase64(triggerOutputs().headers['X-MS-APIM-Tokens']))['$ConnectionKey']"
            }
          }
        },
        "Response": {
          "runAfter": {
            "Invoke_an_HTTP_request": [
              "Succeeded"
            ]
          },
          "metadata": {
            "operationMetadataId": "1aac36a0-bd35-4e8c-b9f8-6f196688a78c"
          },
          "type": "Response",
          "kind": "Http",
          "inputs": {
            "statusCode": 200,
            "body": "@body('Invoke_an_HTTP_request')",
            "schema": {
              "type": "object",
              "properties": {
                "response": {
                  "type": "object",
                  "properties": {
                    "value": {
                      "type": "string"
                    },
                    "method": {
                      "type": "string"
                    },
                    "basePath": {
                      "type": "string"
                    },
                    "queries": {
                      "type": "object",
                      "properties": {
                        "api-version": {
                          "type": "string"
                        }
                      }
                    }
                  }
                },
                "httpStatusCode": {
                  "type": "string"
                }
              }
            }
          }
        }
      }
    },
    "templateName": null
  },
  "schemaVersion": "1.0.0.0"
}